WorkOrder_ID,Asset_ID,Maintenance_ID,Failure_ID,Created_DateTime,Scheduled_DateTime,Completed_DateTime,WorkOrder_Type,Priority,Assigned_Team,WorkOrder_Status,Estimated_Hours,Actual_Hours,Description,SLA_Target_Hours,SLA_Breached_Flag
WO00001,AST0001,MNT00001,,2026-07-15 05:29:57.423281626,2026-07-18 00:32:09.643618958,2026-07-18 04:35:24.000000000,Inspection,Medium,Electrical Team,Completed,2.69,2.59,Routine equipment inspection,48,True
WO00002,AST0001,MNT00002,,2026-06-14 12:52:33.828729809,2026-06-14 16:16:03.531750420,2026-06-14 21:31:48.000000000,Preventive Maintenance,Low,Reliability Team,Completed,3.67,3.53,Scheduled preventive maintenance,72,False
WO00003,AST0002,MNT00003,,2026-07-31 05:08:11.041787393,2026-08-03 01:20:06.412986237,2026-08-03 04:14:24.000000000,Preventive Maintenance,Low,Maintenance Team A,Completed,1.1,1.24,Scheduled preventive maintenance,72,False
WO00004,AST0002,MNT00004,,2026-05-31 22:23:55.682699543,2026-06-01 19:57:01.753692250,2026-06-01 23:00:36.000000000,Preventive Maintenance,Low,Mechanical Team,Completed,1.96,2.01,Scheduled preventive maintenance,72,False
WO00005,AST0003,MNT00005,,2026-07-10 09:36:35.535629582,2026-07-11 14:54:24.007224863,2026-07-11 17:06:00.000000000,Preventive Maintenance,Medium,Reliability Team,Completed,2.5,2.1,Scheduled preventive maintenance,48,False
WO00006,AST0003,MNT00006,,2026-07-20 20:11:26.185587785,2026-07-23 18:03:59.307168615,2026-07-23 19:39:36.000000000,Preventive Maintenance,Medium,Maintenance Team B,Completed,0.76,0.66,Scheduled preventive maintenance,48,True
WO00007,AST0004,MNT00007,,2026-06-25 22:03:29.475927537,2026-06-25 22:06:56.147359068,2026-06-26 03:19:48.000000000,Preventive Maintenance,Medium,Electrical Team,Completed,3.41,3.33,Scheduled preventive maintenance,48,False
WO00008,AST0004,MNT00008,,2026-08-28 19:03:55.007659970,2026-08-29 01:37:53.522209114,2026-08-29 05:53:24.000000000,Preventive Maintenance,Low,Maintenance Team A,Completed,2.82,2.89,Scheduled preventive maintenance,72,False
WO00009,AST0005,MNT00009,,2026-08-21 07:33:30.294002949,2026-08-21 09:10:52.893105032,2026-08-21 13:49:12.000000000,Inspection,Medium,Maintenance Team A,Completed,2.55,2.82,Routine equipment inspection,48,False
WO00010,AST0006,MNT00010,,2026-07-31 22:04:30.613786950,2026-08-02 10:54:23.685988727,2026-08-02 15:27:00.000000000,Preventive Maintenance,Low,Electrical Team,Completed,3.02,3.45,Scheduled preventive maintenance,72,False
WO00011,AST0006,MNT00011,,2026-07-02 03:17:44.070536195,2026-07-04 21:12:37.243076922,2026-07-04 23:48:36.000000000,Inspection,Medium,Maintenance Team A,Completed,0.84,0.81,Routine equipment inspection,48,True
WO00012,AST0007,MNT00012,,2026-06-14 00:54:05.567456909,2026-06-15 00:13:21.523514236,2026-06-15 04:24:00.000000000,Inspection,Low,Maintenance Team B,Completed,3.09,3.4,Routine equipment inspection,72,False
WO00013,AST0007,MNT00013,,2026-06-13 21:28:00.743463286,2026-06-16 17:47:09.353416658,2026-06-16 19:59:24.000000000,Inspection,Medium,Maintenance Team B,Completed,0.9,0.99,Routine equipment inspection,48,True
WO00014,AST0008,MNT00014,,2026-07-27 16:42:24.855475450,2026-07-27 21:01:34.414056477,2026-07-28 00:12:00.000000000,Preventive Maintenance,Medium,Maintenance Team A,Completed,1.33,1.2,Scheduled preventive maintenance,48,False
WO00015,AST0009,MNT00015,,2026-06-18 08:00:01.197314025,2026-06-18 09:36:08.334690560,2026-06-18 12:37:12.000000000,Preventive Maintenance,Low,Reliability Team,Completed,2.84,2.62,Scheduled preventive maintenance,72,False
WO00016,AST0010,MNT00016,,2026-08-17 08:44:34.187016768,2026-08-17 14:16:59.046754480,2026-08-17 15:49:48.000000000,Inspection,Medium,Mechanical Team,Completed,0.7,0.83,Routine equipment inspection,48,False
WO00017,AST0011,MNT00017,,2026-08-28 09:30:22.464847664,2026-08-29 09:52:22.379877941,2026-08-29 13:36:36.000000000,Preventive Maintenance,Medium,Maintenance Team B,Completed,3.34,3.61,Scheduled preventive maintenance,48,False
WO00018,AST0012,MNT00018,,2026-07-11 21:44:00.310321609,2026-07-13 18:13:32.068253450,2026-07-13 21:19:48.000000000,Inspection,Medium,Maintenance Team B,Completed,1.32,1.33,Routine equipment inspection,48,False
WO00019,AST0012,MNT00019,,2026-06-14 18:43:37.626517589,2026-06-17 06:33:23.547447612,2026-06-17 10:00:00.000000000,Preventive Maintenance,Medium,Reliability Team,Completed,1.79,2.0,Scheduled preventive maintenance,48,True
WO00020,AST0012,MNT00020,,2026-07-05 15:38:40.515707555,2026-07-06 22:56:56.982287444,2026-07-07 01:09:36.000000000,Preventive Maintenance,Medium,Mechanical Team,Completed,1.82,2.16,Scheduled preventive maintenance,48,False
WO00021,AST0013,MNT00021,,2026-08-08 08:53:29.331338302,2026-08-09 20:11:05.521387733,2026-08-09 23:12:36.000000000,Preventive Maintenance,Low,Maintenance Team B,Completed,1.09,1.21,Scheduled preventive maintenance,72,False
WO00022,AST0013,MNT00022,,2026-08-15 03:34:57.550957792,2026-08-15 17:06:51.454291983,2026-08-15 21:41:24.000000000,Preventive Maintenance,Medium,Reliability Team,Completed,2.8,2.69,Scheduled preventive maintenance,48,False
WO00023,AST0013,MNT00023,,2026-07-11 23:59:29.280061238,2026-07-14 17:23:01.533267136,2026-07-14 20:09:00.000000000,Inspection,Low,Maintenance Team A,Completed,1.21,1.15,Routine equipment inspection,72,False
WO00024,AST0014,MNT00024,,2026-08-24 07:45:12.692948728,2026-08-24 20:12:53.575210872,2026-08-24 23:36:36.000000000,Preventive Maintenance,Medium,Electrical Team,Completed,1.64,1.61,Scheduled preventive maintenance,48,False
WO00025,AST0014,MNT00025,,2026-07-10 09:42:10.272587526,2026-07-11 10:11:10.835220869,2026-07-11 13:34:11.999999999,Preventive Maintenance,Low,Reliability Team,Completed,1.43,1.57,Scheduled preventive maintenance,72,False
WO00026,AST0014,MNT00026,,2026-07-20 21:55:15.425830211,2026-07-23 07:16:42.739800554,2026-07-23 10:05:24.000000000,Preventive Maintenance,Medium,Reliability Team,Completed,0.88,1.09,Scheduled preventive maintenance,48,True
WO00027,AST0015,MNT00027,,2026-08-02 15:13:49.243643681,2026-08-03 07:45:36.969355199,2026-08-03 11:52:12.000000000,Preventive Maintenance,Medium,Reliability Team,Completed,3.62,3.87,Scheduled preventive maintenance,48,False
WO00028,AST0015,MNT00028,,2026-08-06 14:09:57.117082396,2026-08-08 02:35:38.263495956,2026-08-08 07:59:24.000000000,Preventive Maintenance,Low,Mechanical Team,Completed,3.77,3.99,Scheduled preventive maintenance,72,False
WO00029,AST0016,MNT00029,,2026-08-12 12:28:18.478338453,2026-08-13 05:36:26.609235552,2026-08-13 09:43:12.000000000,Preventive Maintenance,Low,Maintenance Team B,Completed,2.95,2.72,Scheduled preventive maintenance,72,False
WO00030,AST0016,MNT00030,,2026-08-10 11:22:51.696256181,2026-08-10 13:46:51.136795344,2026-08-10 16:21:00.000000000,Preventive Maintenance,Low,Maintenance Team B,Completed,1.35,1.35,Scheduled preventive maintenance,72,False
WO00031,AST0017,MNT00031,,2026-06-11 06:57:39.796294331,2026-06-13 03:38:18.920748804,2026-06-13 07:42:36.000000000,Preventive Maintenance,Low,Electrical Team,Completed,2.74,2.71,Scheduled preventive maintenance,72,False
WO00032,AST0017,MNT00032,,2026-06-25 13:48:50.672601659,2026-06-26 06:39:20.624058677,2026-06-26 09:37:12.000000000,Inspection,Medium,Reliability Team,Completed,1.79,1.62,Routine equipment inspection,48,False
WO00033,AST0018,MNT00033,,2026-08-19 00:58:37.478269298,2026-08-21 10:03:33.835431989,2026-08-21 13:59:24.000000000,Inspection,Low,Reliability Team,Completed,3.57,2.99,Routine equipment inspection,72,False
WO00034,AST0018,MNT00034,,2026-08-09 20:19:02.986053950,2026-08-12 05:41:54.833683449,2026-08-12 09:47:24.000000000,Preventive Maintenance,Medium,Maintenance Team B,Completed,3.8,3.79,Scheduled preventive maintenance,48,True
WO00035,AST0019,MNT00035,,2026-08-21 00:51:24.903830398,2026-08-22 00:33:34.264457529,2026-08-22 03:24:00.000000000,Preventive Maintenance,Medium,Reliability Team,Completed,2.6,2.4,Scheduled preventive maintenance,48,False
WO00036,AST0019,MNT00036,,2026-06-26 15:10:17.273541033,2026-06-26 21:07:08.232495676,2026-06-27 01:18:36.000000000,Preventive Maintenance,Low,Electrical Team,Completed,2.22,2.31,Scheduled preventive maintenance,72,False
WO00037,AST0019,MNT00037,,2026-06-17 19:01:33.606084760,2026-06-19 18:31:46.443941465,2026-06-19 23:35:24.000000000,Preventive Maintenance,Medium,Electrical Team,Completed,3.17,3.59,Scheduled preventive maintenance,48,True
WO00038,AST0020,MNT00038,,2026-07-17 02:08:28.077833663,2026-07-19 00:21:56.000158553,2026-07-19 05:36:00.000000000,Preventive Maintenance,Low,Maintenance Team A,Completed,3.68,3.6,Scheduled preventive maintenance,72,False
WO00039,AST0021,MNT00039,,2026-07-28 03:15:57.554341874,2026-07-31 01:04:08.980670720,2026-07-31 05:50:24.000000000,Inspection,Low,Reliability Team,Completed,2.91,2.84,Routine equipment inspection,72,True
WO00040,AST0021,MNT00040,,2026-08-01 11:12:00.482277438,2026-08-02 06:35:57.423624195,2026-08-02 11:54:36.000000000,Preventive Maintenance,Low,Maintenance Team A,Completed,4.45,3.91,Scheduled preventive maintenance,72,False
WO00041,AST0021,MNT00041,,2026-07-08 11:37:43.810478793,2026-07-10 18:42:57.372147688,2026-07-10 21:07:12.000000000,Preventive Maintenance,Medium,Maintenance Team A,Completed,0.93,1.12,Scheduled preventive maintenance,48,True
WO00042,AST0022,MNT00042,,2026-08-18 02:56:36.732351009,2026-08-19 22:58:53.781228362,2026-08-20 02:01:12.000000000,Preventive Maintenance,Medium,Reliability Team,Completed,2.54,3.02,Scheduled preventive maintenance,48,False
WO00043,AST0023,MNT00043,,2026-07-13 15:50:29.798857104,2026-07-14 12:23:21.380205520,2026-07-14 15:33:36.000000000,Preventive Maintenance,Medium,Reliability Team,Completed,2.55,2.56,Scheduled preventive maintenance,48,False
WO00044,AST0023,MNT00044,,2026-08-25 17:04:36.764501880,2026-08-26 08:34:32.309606298,2026-08-26 11:43:48.000000000,Inspection,Medium,Maintenance Team B,Completed,1.55,1.73,Routine equipment inspection,48,False
WO00045,AST0024,MNT00045,,2026-06-18 16:58:50.578660622,2026-06-19 18:30:41.972233994,2026-06-19 23:01:48.000000000,Preventive Maintenance,Low,Mechanical Team,Completed,3.3,3.03,Scheduled preventive maintenance,72,False
WO00046,AST0024,MNT00046,,2026-05-31 02:52:27.121960013,2026-06-01 14:43:38.405149061,2026-06-01 19:47:24.000000000,Inspection,Medium,Maintenance Team B,Completed,3.41,3.79,Routine equipment inspection,48,False
WO00047,AST0025,MNT00047,,2026-08-10 22:40:01.149859139,2026-08-13 15:07:52.360568325,2026-08-13 19:45:00.000000000,Inspection,Medium,Mechanical Team,Completed,3.53,3.75,Routine equipment inspection,48,True
WO00048,AST0026,MNT00048,,2026-06-28 15:01:52.477459900,2026-06-30 02:36:34.250487855,2026-06-30 03:45:36.000000000,Preventive Maintenance,Medium,Reliability Team,Completed,0.83,0.76,Scheduled preventive maintenance,48,False
WO00049,AST0026,MNT00049,,2026-06-03 23:25:57.593943308,2026-06-06 06:54:46.052843368,2026-06-06 09:27:00.000000000,Preventive Maintenance,Medium,Maintenance Team B,Completed,2.93,2.45,Scheduled preventive maintenance,48,True
WO00050,AST0027,MNT00050,,2026-06-24 09:16:18.927908746,2026-06-26 23:30:16.424827938,2026-06-27 04:58:12.000000000,Preventive Maintenance,Low,Maintenance Team B,Completed,4.69,3.97,Scheduled preventive maintenance,72,False
WO00051,AST0027,MNT00051,,2026-06-30 18:22:03.028252437,2026-07-03 14:04:21.936164956,2026-07-03 16:58:48.000000000,Preventive Maintenance,Medium,Maintenance Team B,Completed,1.12,0.98,Scheduled preventive maintenance,48,True
WO00052,AST0027,MNT00052,,2026-06-20 19:34:09.466760291,2026-06-23 08:21:58.161562874,2026-06-23 10:24:00.000000000,Preventive Maintenance,Medium,Mechanical Team,Completed,1.21,1.4,Scheduled preventive maintenance,48,True
WO00053,AST0028,MNT00053,,2026-06-26 23:03:39.121230356,2026-06-29 10:08:23.878789361,2026-06-29 14:46:12.000000000,Preventive Maintenance,Medium,Electrical Team,Completed,2.29,2.77,Scheduled preventive maintenance,48,True
WO00054,AST0028,MNT00054,,2026-07-16 14:42:22.235913350,2026-07-19 13:43:11.395090298,2026-07-19 16:31:48.000000000,Inspection,Medium,Electrical Team,Completed,2.55,2.53,Routine equipment inspection,48,True
WO00055,AST0029,MNT00055,,2026-06-22 08:44:40.000417253,2026-06-24 21:43:36.326413618,2026-06-24 23:30:00.000000000,Preventive Maintenance,Low,Maintenance Team B,Completed,1.63,1.5,Scheduled preventive maintenance,72,False
WO00056,AST0029,MNT00056,,2026-06-28 02:11:44.013092331,2026-06-29 08:29:15.310006120,2026-06-29 10:33:36.000000000,Preventive Maintenance,Low,Maintenance Team A,Completed,1.63,1.56,Scheduled preventive maintenance,72,False
WO00057,AST0030,MNT00057,,2026-05-30 15:23:32.435077953,2026-06-01 02:24:12.274711438,2026-06-01 04:48:00.000000000,Inspection,Medium,Maintenance Team A,Completed,0.85,0.8,Routine equipment inspection,48,False
WO00058,AST0030,MNT00058,,2026-06-02 19:02:21.153109082,2026-06-02 20:50:32.172752346,2026-06-03 00:43:48.000000000,Preventive Maintenance,Medium,Reliability Team,Completed,2.66,2.73,Scheduled preventive maintenance,48,False
WO00059,AST0031,MNT00059,,2026-08-08 10:28:20.031368744,2026-08-10 01:25:36.902984675,2026-08-10 03:54:00.000000000,Preventive Maintenance,Medium,Mechanical Team,Completed,1.97,1.9,Scheduled preventive maintenance,48,False
WO00060,AST0031,MNT00060,,2026-06-29 08:35:43.296695391,2026-07-01 19:16:46.627381838,2026-07-01 23:52:12.000000000,Preventive Maintenance,Low,Mechanical Team,Completed,3.29,3.87,Scheduled preventive maintenance,72,False
WO00061,AST0031,MNT00061,,2026-08-08 11:43:13.630716473,2026-08-09 06:04:10.186821185,2026-08-09 11:42:00.000000000,Preventive Maintenance,Medium,Maintenance Team B,Completed,3.64,3.7,Scheduled preventive maintenance,48,False
WO00062,AST0032,MNT00062,,2026-07-07 01:47:37.941867514,2026-07-08 06:36:03.512082478,2026-07-08 11:04:48.000000000,Preventive Maintenance,Low,Maintenance Team B,Completed,2.63,3.08,Scheduled preventive maintenance,72,False
WO00063,AST0033,MNT00063,,2026-06-05 05:15:49.491371603,2026-06-07 08:55:04.313879271,2026-06-07 12:09:00.000000000,Preventive Maintenance,Medium,Reliability Team,Completed,3.02,3.15,Scheduled preventive maintenance,48,True
WO00064,AST0033,MNT00064,,2026-07-12 17:25:46.548928917,2026-07-12 23:56:57.474647409,2026-07-13 03:29:24.000000000,Preventive Maintenance,Medium,Mechanical Team,Completed,4.14,3.49,Scheduled preventive maintenance,48,False
WO00065,AST0034,MNT00065,,2026-06-23 16:52:05.716988044,2026-06-23 20:10:10.461161090,2026-06-24 00:07:48.000000000,Inspection,Medium,Mechanical Team,Completed,2.08,2.13,Routine equipment inspection,48,False
WO00066,AST0035,MNT00066,,2026-08-07 02:07:28.895940617,2026-08-07 21:05:24.969979227,2026-08-08 01:23:24.000000000,Preventive Maintenance,Medium,Maintenance Team B,Completed,2.62,2.39,Scheduled preventive maintenance,48,False
WO00067,AST0035,MNT00067,,2026-06-20 09:12:30.224043458,2026-06-21 15:30:16.336875593,2026-06-21 19:18:00.000000000,Inspection,Medium,Maintenance Team B,Completed,3.11,3.3,Routine equipment inspection,48,False
WO00068,AST0036,MNT00068,,2026-07-09 18:43:35.557187287,2026-07-10 19:48:59.046726143,2026-07-10 23:22:12.000000000,Preventive Maintenance,Low,Maintenance Team A,Completed,2.82,3.37,Scheduled preventive maintenance,72,False
WO00069,AST0036,MNT00069,,2026-07-15 07:46:53.622371806,2026-07-15 08:28:23.776154372,2026-07-15 11:27:36.000000000,Inspection,Low,Maintenance Team A,Completed,1.64,1.46,Routine equipment inspection,72,False
WO00070,AST0037,MNT00070,,2026-07-01 01:11:47.518454775,2026-07-02 08:12:10.765912338,2026-07-02 10:40:48.000000000,Preventive Maintenance,Low,Maintenance Team B,Completed,1.76,1.68,Scheduled preventive maintenance,72,False
WO00071,AST0038,MNT00071,,2026-06-17 13:28:35.589873857,2026-06-18 08:58:09.807309909,2026-06-18 10:29:24.000000000,Preventive Maintenance,Medium,Mechanical Team,Completed,1.75,1.49,Scheduled preventive maintenance,48,False
WO00072,AST0038,MNT00072,,2026-06-16 02:26:18.860541836,2026-06-18 02:46:05.871616392,2026-06-18 07:18:36.000000000,Preventive Maintenance,Medium,Electrical Team,Completed,3.9,3.31,Scheduled preventive maintenance,48,True
WO00073,AST0039,MNT00073,,2026-07-15 23:24:35.761426503,2026-07-17 16:07:10.342261740,2026-07-17 19:22:48.000000000,Preventive Maintenance,Low,Electrical Team,Completed,1.42,1.38,Scheduled preventive maintenance,72,False
WO00074,AST0039,MNT00074,,2026-06-02 01:52:35.309713412,2026-06-02 10:22:39.329927501,2026-06-02 14:52:48.000000000,Inspection,Medium,Maintenance Team A,Completed,3.25,2.88,Routine equipment inspection,48,False
WO00075,AST0040,MNT00075,,2026-07-22 02:45:19.691886608,2026-07-24 22:11:21.475377917,2026-07-25 02:16:12.000000000,Preventive Maintenance,Medium,Maintenance Team B,Completed,1.99,2.27,Scheduled preventive maintenance,48,True
WO00076,AST0040,MNT00076,,2026-08-06 23:12:52.578326931,2026-08-08 02:55:19.465447368,2026-08-08 06:51:00.000000000,Preventive Maintenance,Low,Mechanical Team,Completed,4.03,3.85,Scheduled preventive maintenance,72,False
WO00077,AST0041,MNT00077,,2026-07-05 05:38:12.623681202,2026-07-06 08:38:12.381583395,2026-07-06 12:42:36.000000000,Inspection,Medium,Reliability Team,Completed,2.54,2.71,Routine equipment inspection,48,False
WO00078,AST0042,MNT00078,,2026-08-01 18:36:37.070059904,2026-08-02 02:36:23.492409380,2026-08-02 07:16:12.000000000,Preventive Maintenance,Low,Maintenance Team B,Completed,3.44,3.27,Scheduled preventive maintenance,72,False
WO00079,AST0043,MNT00079,,2026-06-26 02:19:32.994293499,2026-06-27 07:03:53.420029056,2026-06-27 12:04:48.000000000,Inspection,Low,Maintenance Team B,Completed,3.14,3.08,Routine equipment inspection,72,False
WO00080,AST0043,MNT00080,,2026-06-29 19:42:53.040643287,2026-07-02 04:01:08.362977597,2026-07-02 09:10:12.000000000,Preventive Maintenance,Medium,Electrical Team,Completed,3.06,3.17,Scheduled preventive maintenance,48,True
WO00081,AST0043,MNT00081,,2026-07-19 02:46:52.950444896,2026-07-20 19:15:56.760428092,2026-07-20 22:16:48.000000000,Inspection,Low,Maintenance Team A,Completed,1.31,1.28,Routine equipment inspection,72,False
WO00082,AST0044,MNT00082,,2026-08-01 21:41:17.355072495,2026-08-04 02:29:27.291306592,2026-08-04 04:48:00.000000000,Preventive Maintenance,Medium,Mechanical Team,Completed,0.67,0.8,Scheduled preventive maintenance,48,True
WO00083,AST0044,MNT00083,,2026-06-20 06:44:38.959661404,2026-06-21 18:13:14.749779224,2026-06-21 22:49:12.000000000,Preventive Maintenance,Medium,Reliability Team,Completed,3.51,3.82,Scheduled preventive maintenance,48,False
WO00084,AST0045,MNT00084,,2026-08-15 08:13:49.896281637,2026-08-15 09:13:49.896281637,2026-08-15 11:49:12.000000000,Preventive Maintenance,Medium,Maintenance Team A,Completed,1.52,1.82,Scheduled preventive maintenance,48,False
WO00085,AST0045,MNT00085,,2026-05-30 17:30:24.813242763,2026-06-02 12:51:11.247205511,2026-06-02 16:13:12.000000000,Inspection,Medium,Maintenance Team B,Completed,2.34,2.22,Routine equipment inspection,48,True
WO00086,AST0046,MNT00086,,2026-08-08 07:13:36.099339676,2026-08-10 01:53:33.338023109,2026-08-10 06:22:48.000000000,Preventive Maintenance,Low,Maintenance Team B,Completed,2.99,3.38,Scheduled preventive maintenance,72,False
WO00087,AST0046,MNT00087,,2026-06-06 11:56:13.602701714,2026-06-08 20:49:03.316058051,2026-06-08 22:48:36.000000000,Preventive Maintenance,Medium,Electrical Team,Completed,1.81,1.81,Scheduled preventive maintenance,48,True
WO00088,AST0047,MNT00088,,2026-08-25 00:58:22.810886980,2026-08-27 16:17:53.411909626,2026-08-27 20:55:12.000000000,Preventive Maintenance,Medium,Maintenance Team A,Completed,3.32,3.92,Scheduled preventive maintenance,48,True
WO00089,AST0047,MNT00089,,2026-06-06 21:34:32.033744926,2026-06-09 08:15:58.545321761,2026-06-09 10:45:36.000000000,Inspection,Medium,Maintenance Team B,Completed,0.86,0.76,Routine equipment inspection,48,True
WO00090,AST0048,MNT00090,,2026-08-26 00:50:15.850540493,2026-08-27 04:12:58.342256806,2026-08-27 07:15:36.000000000,Preventive Maintenance,Low,Maintenance Team B,Completed,1.08,1.26,Scheduled preventive maintenance,72,False
WO00091,AST0048,MNT00091,,2026-06-17 14:56:54.923735102,2026-06-20 13:15:05.250270557,2026-06-20 17:42:00.000000000,Preventive Maintenance,Low,Maintenance Team A,Completed,3.51,3.7,Scheduled preventive maintenance,72,True
WO00092,AST0049,MNT00092,,2026-06-13 18:33:13.488657311,2026-06-16 10:48:58.401080486,2026-06-16 13:05:24.000000000,Preventive Maintenance,Low,Maintenance Team A,Completed,1.02,1.09,Scheduled preventive maintenance,72,False
WO00093,AST0049,MNT00093,,2026-06-21 02:49:21.248288948,2026-06-23 09:52:59.489401901,2026-06-23 12:45:36.000000000,Preventive Maintenance,Low,Electrical Team,Completed,1.71,1.76,Scheduled preventive maintenance,72,False
WO00094,AST0050,MNT00094,,2026-07-08 08:09:14.108548799,2026-07-09 15:29:33.488348115,2026-07-09 19:21:00.000000000,Preventive Maintenance,Low,Electrical Team,Completed,3.22,3.35,Scheduled preventive maintenance,72,False
WO00095,AST0050,MNT00095,,2026-06-14 21:31:44.995545448,2026-06-17 03:21:15.909466490,2026-06-17 06:57:36.000000000,Preventive Maintenance,Medium,Reliability Team,Completed,2.15,1.96,Scheduled preventive maintenance,48,True
WO00096,AST0051,MNT00096,,2026-07-04 14:41:08.696609909,2026-07-07 11:15:00.931827431,2026-07-07 12:35:24.000000000,Inspection,Medium,Mechanical Team,Completed,0.54,0.59,Routine equipment inspection,48,True
WO00097,AST0051,MNT00097,,2026-06-07 09:36:40.318918982,2026-06-10 06:58:32.487782232,2026-06-10 08:01:48.000000000,Inspection,Low,Maintenance Team B,Completed,1.22,1.03,Routine equipment inspection,72,False
WO00098,AST0052,MNT00098,,2026-06-29 11:55:06.759788988,2026-06-29 14:09:02.568022391,2026-06-29 16:43:12.000000000,Preventive Maintenance,Low,Maintenance Team A,Completed,0.84,0.72,Scheduled preventive maintenance,72,False
WO00099,AST0052,MNT00099,,2026-06-19 15:10:46.271895759,2026-06-22 11:57:13.695521976,2026-06-22 15:22:12.000000000,Preventive Maintenance,Medium,Mechanical Team,Completed,2.49,2.37,Scheduled preventive maintenance,48,True
WO00100,AST0053,MNT00100,,2026-06-28 22:30:49.261872456,2026-06-30 15:11:51.662324465,2026-06-30 18:49:12.000000000,Inspection,Medium,Maintenance Team A,Completed,1.49,1.82,Routine equipment inspection,48,False
WO00101,AST0053,MNT00101,,2026-08-18 23:53:29.987733131,2026-08-19 04:12:39.443050023,2026-08-19 08:50:24.000000000,Preventive Maintenance,Medium,Maintenance Team B,Completed,3.24,3.84,Scheduled preventive maintenance,48,False
WO00102,AST0054,MNT00102,,2026-08-26 02:38:36.231574607,2026-08-26 16:04:21.371484432,2026-08-26 18:26:24.000000000,Inspection,Low,Electrical Team,Completed,1.36,1.44,Routine equipment inspection,72,False
WO00103,AST0054,MNT00103,,2026-06-27 22:24:55.793665534,2026-06-29 00:28:48.360987448,2026-06-29 04:12:00.000000000,Preventive Maintenance,Low,Mechanical Team,Completed,3.14,3.2,Scheduled preventive maintenance,72,False
WO00104,AST0054,MNT00104,,2026-06-09 12:48:15.562145070,2026-06-10 17:47:39.970449431,2026-06-10 19:48:36.000000000,Inspection,Low,Maintenance Team B,Completed,0.74,0.81,Routine equipment inspection,72,False
WO00105,AST0055,MNT00105,,2026-07-20 16:35:59.480708838,2026-07-23 02:06:01.440624298,2026-07-23 06:44:24.000000000,Preventive Maintenance,Medium,Mechanical Team,Completed,2.99,2.74,Scheduled preventive maintenance,48,True
WO00106,AST0055,MNT00106,,2026-06-29 23:46:34.599654714,2026-07-02 17:16:04.339995597,2026-07-02 20:43:48.000000000,Preventive Maintenance,Medium,Mechanical Team,Completed,1.42,1.73,Scheduled preventive maintenance,48,True
WO00107,AST0056,MNT00107,,2026-08-22 13:53:37.407074961,2026-08-23 23:01:45.940435209,2026-08-24 03:18:00.000000000,Preventive Maintenance,Medium,Electrical Team,Completed,2.19,2.3,Scheduled preventive maintenance,48,False
WO00108,AST0056,MNT00108,,2026-08-25 18:08:09.879918587,2026-08-28 14:18:56.743753425,2026-08-28 19:17:23.999999999,Preventive Maintenance,Medium,Electrical Team,Completed,3.74,3.29,Scheduled preventive maintenance,48,True
WO00109,AST0057,MNT00109,,2026-06-03 09:29:47.398434559,2026-06-03 19:58:21.561853246,2026-06-03 22:40:12.000000000,Preventive Maintenance,Low,Maintenance Team A,Completed,2.22,2.67,Scheduled preventive maintenance,72,False
WO00110,AST0057,MNT00110,,2026-08-16 10:01:12.162708066,2026-08-19 08:00:24.214773068,2026-08-19 10:57:00.000000000,Preventive Maintenance,Medium,Maintenance Team B,Completed,0.97,0.95,Scheduled preventive maintenance,48,True
WO00111,AST0058,MNT00111,,2026-07-06 04:14:50.044757950,2026-07-08 10:14:39.476045213,2026-07-08 13:56:24.000000000,Preventive Maintenance,Medium,Mechanical Team,Completed,2.64,2.94,Scheduled preventive maintenance,48,True
WO00112,AST0058,MNT00112,,2026-06-26 02:15:44.557432672,2026-06-28 21:47:15.542631953,2026-06-29 01:36:36.000000000,Preventive Maintenance,Low,Mechanical Team,Completed,2.33,2.61,Scheduled preventive maintenance,72,False
WO00113,AST0059,MNT00113,,2026-07-30 07:40:13.262832563,2026-07-30 11:27:45.558129417,2026-07-30 12:55:12.000000000,Preventive Maintenance,Medium,Electrical Team,Completed,0.74,0.92,Scheduled preventive maintenance,48,False
WO00114,AST0060,MNT00114,,2026-08-10 17:09:55.419072372,2026-08-12 23:57:34.822791994,2026-08-13 02:37:48.000000000,Preventive Maintenance,Medium,Maintenance Team A,Completed,1.86,1.63,Scheduled preventive maintenance,48,True
WO00115,AST0060,MNT00115,,2026-07-13 07:45:27.339160529,2026-07-15 22:11:34.923363270,2026-07-16 00:03:00.000000000,Preventive Maintenance,Medium,Maintenance Team B,Completed,0.9,1.05,Scheduled preventive maintenance,48,True
WO00116,AST0060,MNT00116,,2026-07-22 05:00:37.211273838,2026-07-24 07:34:26.658037136,2026-07-24 11:07:12.000000000,Preventive Maintenance,Medium,Maintenance Team A,Completed,2.67,3.12,Scheduled preventive maintenance,48,True
WO00117,AST0061,MNT00117,,2026-06-21 00:49:32.745657094,2026-06-22 19:43:36.160884318,2026-06-23 00:09:36.000000000,Inspection,Medium,Reliability Team,Completed,3.23,3.16,Routine equipment inspection,48,False
WO00118,AST0061,MNT00118,,2026-06-15 02:16:25.902628846,2026-06-16 02:58:19.275678048,2026-06-16 04:37:48.000000000,Preventive Maintenance,Medium,Maintenance Team A,Completed,0.7,0.63,Scheduled preventive maintenance,48,False
WO00119,AST0062,MNT00119,,2026-08-12 07:49:27.258250563,2026-08-13 20:36:16.978525247,2026-08-14 01:32:24.000000000,Inspection,Low,Electrical Team,Completed,3.96,3.54,Routine equipment inspection,72,False
WO00120,AST0062,MNT00120,,2026-07-20 03:03:35.075488871,2026-07-21 14:29:00.640404248,2026-07-21 18:04:48.000000000,Preventive Maintenance,Medium,Electrical Team,Completed,3.03,3.08,Scheduled preventive maintenance,48,False
WO00121,AST0063,MNT00121,,2026-06-05 03:20:01.132857586,2026-06-06 04:34:54.258304235,2026-06-06 08:37:12.000000000,Preventive Maintenance,Medium,Reliability Team,Completed,3.74,3.62,Scheduled preventive maintenance,48,False
WO00122,AST0064,MNT00122,,2026-07-19 06:50:58.343079639,2026-07-19 16:44:38.069959503,2026-07-19 19:32:24.000000000,Preventive Maintenance,Low,Maintenance Team A,Completed,2.19,2.54,Scheduled preventive maintenance,72,False
WO00123,AST0064,MNT00123,,2026-08-03 03:27:27.442382422,2026-08-04 03:12:23.123448677,2026-08-04 07:37:48.000000000,Preventive Maintenance,Low,Maintenance Team B,Completed,2.6,2.63,Scheduled preventive maintenance,72,False
WO00124,AST0065,MNT00124,,2026-07-23 20:15:45.312899732,2026-07-25 15:33:08.286725474,2026-07-25 16:51:36.000000000,Preventive Maintenance,Medium,Electrical Team,Completed,0.97,0.86,Scheduled preventive maintenance,48,False
WO00125,AST0065,MNT00125,,2026-08-07 08:25:56.120218864,2026-08-07 21:49:21.341756950,2026-08-08 01:27:00.000000000,Preventive Maintenance,Low,Mechanical Team,Completed,2.93,3.45,Scheduled preventive maintenance,72,False
WO00126,AST0065,MNT00126,,2026-07-06 14:30:38.067603801,2026-07-09 06:44:33.011532244,2026-07-09 10:38:24.000000000,Preventive Maintenance,Medium,Reliability Team,Completed,3.39,3.64,Scheduled preventive maintenance,48,True
WO00127,AST0066,MNT00127,,2026-08-05 11:14:30.702038849,2026-08-07 19:44:39.117195665,2026-08-07 23:50:24.000000000,Inspection,Low,Reliability Team,Completed,2.36,2.84,Routine equipment inspection,72,False
WO00128,AST0066,MNT00128,,2026-07-29 17:39:48.473461098,2026-07-29 22:26:46.480933342,2026-07-30 00:28:48.000000000,Preventive Maintenance,Medium,Mechanical Team,Completed,1.66,1.48,Scheduled preventive maintenance,48,False
WO00129,AST0066,MNT00129,,2026-08-12 10:58:32.711856442,2026-08-15 08:55:36.547348890,2026-08-15 13:04:48.000000000,Inspection,Medium,Electrical Team,Completed,3.6,3.08,Routine equipment inspection,48,True
WO00130,AST0067,MNT00130,,2026-06-12 16:16:48.473284365,2026-06-14 05:33:32.284357982,2026-06-14 09:31:48.000000000,Preventive Maintenance,Medium,Reliability Team,Completed,2.09,2.53,Scheduled preventive maintenance,48,False
WO00131,AST0068,MNT00131,,2026-07-06 09:21:07.845847910,2026-07-08 11:12:34.510768654,2026-07-08 15:05:24.000000000,Preventive Maintenance,Low,Maintenance Team A,Completed,2.1,2.09,Scheduled preventive maintenance,72,False
WO00132,AST0069,MNT00132,,2026-08-06 02:14:01.399039926,2026-08-07 09:56:05.155681524,2026-08-07 11:59:24.000000000,Preventive Maintenance,Low,Mechanical Team,Completed,0.89,0.99,Scheduled preventive maintenance,72,False
WO00133,AST0069,MNT00133,,2026-08-20 09:03:28.240661546,2026-08-20 21:52:19.451337464,2026-08-21 00:56:24.000000000,Preventive Maintenance,Medium,Electrical Team,Completed,2.2,1.94,Scheduled preventive maintenance,48,False
WO00134,AST0069,MNT00134,,2026-06-10 01:26:29.885207871,2026-06-10 18:18:50.926577195,2026-06-10 19:56:24.000000000,Inspection,Medium,Electrical Team,Completed,0.93,0.94,Routine equipment inspection,48,False
WO00135,AST0070,MNT00135,,2026-08-03 21:36:38.173953734,2026-08-05 09:49:34.173925770,2026-08-05 13:05:24.000000000,Preventive Maintenance,Medium,Electrical Team,Completed,3.14,3.09,Scheduled preventive maintenance,48,False
WO00136,AST0070,MNT00136,,2026-07-05 13:21:21.542900710,2026-07-07 06:52:15.898493839,2026-07-07 09:12:36.000000000,Preventive Maintenance,Medium,Maintenance Team B,Completed,1.15,1.21,Scheduled preventive maintenance,48,False
WO00137,AST0070,MNT00137,,2026-06-02 06:08:23.553115642,2026-06-04 03:51:30.396206384,2026-06-04 08:40:48.000000000,Preventive Maintenance,Medium,Maintenance Team B,Completed,3.47,3.68,Scheduled preventive maintenance,48,True
WO00138,AST0071,MNT00138,,2026-07-23 02:42:28.369846977,2026-07-25 21:59:05.752585436,2026-07-26 01:39:00.000000000,Inspection,Low,Maintenance Team A,Completed,3.25,3.65,Routine equipment inspection,72,False
WO00139,AST0071,MNT00139,,2026-07-14 06:45:35.923167540,2026-07-14 12:23:17.772815465,2026-07-14 16:15:36.000000000,Preventive Maintenance,Medium,Mechanical Team,Completed,1.86,2.26,Scheduled preventive maintenance,48,False
WO00140,AST0072,MNT00140,,2026-07-03 13:45:34.888825844,2026-07-05 03:10:45.142845676,2026-07-05 05:18:00.000000000,Preventive Maintenance,Low,Electrical Team,Completed,1.55,1.3,Scheduled preventive maintenance,72,False
WO00141,AST0072,MNT00141,,2026-07-18 07:51:53.681295338,2026-07-21 01:59:21.839953938,2026-07-21 04:55:48.000000000,Inspection,Medium,Reliability Team,Completed,3.49,2.93,Routine equipment inspection,48,True
WO00142,AST0073,MNT00142,,2026-08-22 14:59:22.321574178,2026-08-24 17:55:47.735529277,2026-08-24 22:37:48.000000000,Preventive Maintenance,Medium,Maintenance Team B,Completed,3.6,3.63,Scheduled preventive maintenance,48,True
WO00143,AST0073,MNT00143,,2026-07-09 23:43:11.617868698,2026-07-10 13:21:09.509497892,2026-07-10 14:37:12.000000000,Inspection,Medium,Mechanical Team,Completed,0.6,0.62,Routine equipment inspection,48,False
WO00144,AST0074,MNT00144,,2026-08-16 02:22:52.890074908,2026-08-17 15:35:07.943311360,2026-08-17 17:51:36.000000000,Preventive Maintenance,Medium,Maintenance Team B,Completed,0.95,0.86,Scheduled preventive maintenance,48,False
WO00145,AST0074,MNT00145,,2026-08-23 02:49:37.134119129,2026-08-25 21:21:31.376216452,2026-08-26 00:23:24.000000000,Inspection,Medium,Electrical Team,Completed,2.48,2.39,Routine equipment inspection,48,True
WO00146,AST0075,MNT00146,,2026-06-04 17:02:57.043055008,2026-06-06 07:54:07.761744800,2026-06-06 11:44:24.000000000,Preventive Maintenance,Medium,Electrical Team,Completed,2.41,2.74,Scheduled preventive maintenance,48,False
WO00147,AST0076,MNT00147,,2026-08-09 16:08:36.387908222,2026-08-10 02:59:40.481524216,2026-08-10 06:51:36.000000000,Preventive Maintenance,Low,Reliability Team,Completed,3.27,3.86,Scheduled preventive maintenance,72,False
WO00148,AST0076,MNT00148,,2026-07-02 03:00:12.350730255,2026-07-04 20:20:19.540263930,2026-07-05 01:49:12.000000000,Preventive Maintenance,Low,Maintenance Team B,Completed,4.53,3.82,Scheduled preventive maintenance,72,False
WO00149,AST0077,MNT00149,,2026-08-05 11:22:40.179236542,2026-08-08 06:38:15.121923609,2026-08-08 10:45:36.000000000,Preventive Maintenance,Medium,Maintenance Team A,Completed,3.11,3.76,Scheduled preventive maintenance,48,True
WO00150,AST0078,MNT00150,,2026-06-05 19:04:34.180534319,2026-06-06 04:24:34.075354608,2026-06-06 09:12:00.000000000,Preventive Maintenance,Medium,Reliability Team,Completed,2.82,3.2,Scheduled preventive maintenance,48,False
WO00151,AST0078,MNT00151,,2026-07-28 03:09:54.701508860,2026-07-30 12:40:10.580010989,2026-07-30 14:54:00.000000000,Preventive Maintenance,Low,Maintenance Team A,Completed,0.91,0.9,Scheduled preventive maintenance,72,False
WO00152,AST0079,MNT00152,,2026-08-15 11:13:48.813666784,2026-08-17 04:38:02.529143398,2026-08-17 08:19:12.000000000,Inspection,Low,Reliability Team,Completed,2.28,2.32,Routine equipment inspection,72,False
WO00153,AST0080,MNT00153,,2026-07-24 20:40:31.960574620,2026-07-26 11:07:21.038337203,2026-07-26 13:13:12.000000000,Preventive Maintenance,Medium,Mechanical Team,Completed,1.26,1.22,Scheduled preventive maintenance,48,False
WO00154,AST0080,MNT00154,,2026-06-23 17:44:37.403817008,2026-06-24 20:54:46.419399980,2026-06-25 00:22:48.000000000,Preventive Maintenance,Medium,Reliability Team,Completed,2.77,2.38,Scheduled preventive maintenance,48,False
WO00155,AST0081,MNT00155,,2026-07-08 18:21:41.406614327,2026-07-10 01:20:03.726341430,2026-07-10 04:04:48.000000000,Preventive Maintenance,Medium,Electrical Team,Completed,2.27,2.08,Scheduled preventive maintenance,48,False
WO00156,AST0081,MNT00156,,2026-07-18 17:37:27.161622513,2026-07-21 01:45:35.476157315,2026-07-21 03:37:12.000000000,Preventive Maintenance,Low,Reliability Team,Completed,0.63,0.62,Scheduled preventive maintenance,72,False
WO00157,AST0082,MNT00157,,2026-08-01 16:13:51.900740310,2026-08-02 03:22:35.601111873,2026-08-02 05:07:12.000000000,Preventive Maintenance,Medium,Mechanical Team,Completed,1.01,1.12,Scheduled preventive maintenance,48,False
WO00158,AST0082,MNT00158,,2026-06-13 11:32:16.196546894,2026-06-15 03:28:30.297462669,2026-06-15 08:59:24.000000000,Preventive Maintenance,Low,Mechanical Team,Completed,4.59,3.99,Scheduled preventive maintenance,72,False
WO00159,AST0083,MNT00159,,2026-07-08 23:54:35.366560539,2026-07-10 14:14:32.484727990,2026-07-10 16:43:12.000000000,Preventive Maintenance,Low,Maintenance Team A,Completed,1.69,1.72,Scheduled preventive maintenance,72,False
WO00160,AST0084,MNT00160,,2026-08-23 15:23:31.304506748,2026-08-26 00:42:00.594523088,2026-08-26 04:12:36.000000000,Preventive Maintenance,Medium,Maintenance Team A,Completed,2.86,3.21,Scheduled preventive maintenance,48,True
WO00161,AST0085,MNT00161,,2026-08-10 19:08:00.894715509,2026-08-10 19:48:11.212551324,2026-08-10 22:02:24.000000000,Preventive Maintenance,Medium,Electrical Team,Completed,1.07,1.04,Scheduled preventive maintenance,48,False
WO00162,AST0085,MNT00162,,2026-07-03 05:27:20.104060400,2026-07-04 06:38:12.496439030,2026-07-04 08:27:00.000000000,Preventive Maintenance,Low,Electrical Team,Completed,1.69,1.45,Scheduled preventive maintenance,72,False
WO00163,AST0086,MNT00163,,2026-08-15 11:06:43.381363529,2026-08-15 21:49:39.145209478,2026-08-16 02:31:48.000000000,Inspection,Medium,Mechanical Team,Completed,3.54,3.53,Routine equipment inspection,48,False
WO00164,AST0086,MNT00164,,2026-08-15 05:26:49.968202452,2026-08-17 08:48:50.667082136,2026-08-17 11:11:24.000000000,Preventive Maintenance,Low,Maintenance Team A,Completed,1.0,1.19,Scheduled preventive maintenance,72,False
WO00165,AST0087,MNT00165,,2026-07-24 12:21:55.422216281,2026-07-24 13:41:50.156080887,2026-07-24 18:19:12.000000000,Inspection,Medium,Electrical Team,Completed,3.68,3.32,Routine equipment inspection,48,False
WO00166,AST0088,MNT00166,,2026-06-19 12:30:36.735661066,2026-06-19 18:47:29.421844426,2026-06-19 21:50:24.000000000,Inspection,Low,Reliability Team,Completed,3.23,2.84,Routine equipment inspection,72,False
WO00167,AST0088,MNT00167,,2026-07-04 20:57:36.355483102,2026-07-05 04:01:49.143367470,2026-07-05 06:48:00.000000000,Preventive Maintenance,Medium,Mechanical Team,Completed,0.91,0.8,Scheduled preventive maintenance,48,False
WO00168,AST0089,MNT00168,,2026-07-08 02:53:14.846109933,2026-07-09 01:32:42.751529686,2026-07-09 04:45:00.000000000,Preventive Maintenance,Low,Mechanical Team,Completed,2.87,2.75,Scheduled preventive maintenance,72,False
WO00169,AST0090,MNT00169,,2026-07-01 09:24:13.800979188,2026-07-01 23:25:27.912801256,2026-07-02 02:49:48.000000000,Preventive Maintenance,Medium,Reliability Team,Completed,1.91,1.83,Scheduled preventive maintenance,48,False
WO00170,AST0090,MNT00170,,2026-07-02 20:50:41.683889066,2026-07-04 10:09:37.039561827,2026-07-04 15:12:36.000000000,Inspection,Medium,Electrical Team,Completed,3.01,3.21,Routine equipment inspection,48,False
WO00171,AST0091,MNT00171,,2026-07-31 16:47:22.972305516,2026-08-03 09:49:33.108786218,2026-08-03 14:10:12.000000000,Preventive Maintenance,Medium,Reliability Team,Completed,2.58,3.17,Scheduled preventive maintenance,48,True
WO00172,AST0091,MNT00172,,2026-08-27 04:28:35.486249009,2026-08-27 17:00:11.752036276,2026-08-27 20:09:00.000000000,Preventive Maintenance,Low,Mechanical Team,Completed,2.08,2.15,Scheduled preventive maintenance,72,False
WO00173,AST0092,MNT00173,,2026-06-09 01:46:41.617668933,2026-06-10 18:44:07.697126980,2026-06-10 21:24:00.000000000,Preventive Maintenance,Medium,Maintenance Team B,Completed,1.13,1.4,Scheduled preventive maintenance,48,False
WO00174,AST0093,MNT00174,,2026-08-23 13:44:11.639711487,2026-08-26 11:04:55.279286278,2026-08-26 14:55:12.000000000,Preventive Maintenance,Medium,Maintenance Team A,Completed,2.99,2.92,Scheduled preventive maintenance,48,True
WO00175,AST0093,MNT00175,,2026-08-26 10:54:11.290065340,2026-08-27 00:24:02.909435282,2026-08-27 02:27:36.000000000,Inspection,Medium,Reliability Team,Completed,1.35,1.46,Routine equipment inspection,48,False
WO00176,AST0094,MNT00176,,2026-06-22 18:14:17.323618953,2026-06-25 10:35:22.994588530,2026-06-25 11:52:12.000000000,Preventive Maintenance,Low,Maintenance Team B,Completed,0.76,0.87,Scheduled preventive maintenance,72,False
WO00177,AST0094,MNT00177,,2026-06-25 08:36:14.033722479,2026-06-27 19:49:30.334049516,2026-06-27 23:35:24.000000000,Inspection,Medium,Reliability Team,Completed,2.38,2.59,Routine equipment inspection,48,True
WO00178,AST0095,MNT00178,,2026-08-09 13:46:05.847159872,2026-08-11 03:07:06.508222047,2026-08-11 05:58:12.000000000,Preventive Maintenance,Medium,Reliability Team,Completed,1.89,1.97,Scheduled preventive maintenance,48,False
WO00179,AST0095,MNT00179,,2026-06-05 19:04:59.169845410,2026-06-06 07:16:35.143528703,2026-06-06 12:04:48.000000000,Preventive Maintenance,Low,Electrical Team,Completed,3.63,3.08,Scheduled preventive maintenance,72,False
WO00180,AST0096,MNT00180,,2026-07-24 00:16:33.716748108,2026-07-25 22:10:57.113968095,2026-07-26 00:44:24.000000000,Preventive Maintenance,Low,Maintenance Team A,Completed,1.41,1.74,Scheduled preventive maintenance,72,False
WO00181,AST0096,MNT00181,,2026-07-23 22:26:36.394941056,2026-07-26 12:11:02.511633372,2026-07-26 14:53:24.000000000,Preventive Maintenance,Medium,Reliability Team,Completed,1.93,1.89,Scheduled preventive maintenance,48,True
WO00182,AST0097,MNT00182,,2026-06-30 05:17:44.214736164,2026-07-02 05:57:38.084128168,2026-07-02 07:04:12.000000000,Preventive Maintenance,Low,Maintenance Team B,Completed,0.9,1.07,Scheduled preventive maintenance,72,False
WO00183,AST0097,MNT00183,,2026-06-14 04:39:18.094833062,2026-06-16 03:31:25.083976466,2026-06-16 05:40:12.000000000,Preventive Maintenance,Low,Reliability Team,Completed,1.4,1.67,Scheduled preventive maintenance,72,False
WO00184,AST0098,MNT00184,,2026-08-06 11:56:48.874142451,2026-08-09 07:43:04.210688803,2026-08-09 10:58:12.000000000,Preventive Maintenance,Medium,Electrical Team,Completed,2.86,2.97,Scheduled preventive maintenance,48,True
WO00185,AST0099,MNT00185,,2026-07-22 20:55:44.019513599,2026-07-23 03:35:03.218962949,2026-07-23 05:27:00.000000000,Inspection,Low,Maintenance Team B,Completed,1.18,1.45,Routine equipment inspection,72,False
WO00186,AST0100,MNT00186,,2026-07-12 09:21:08.225940197,2026-07-14 06:35:31.587827003,2026-07-14 10:55:12.000000000,Preventive Maintenance,Medium,Maintenance Team B,Completed,3.4,2.92,Scheduled preventive maintenance,48,True
WO00187,AST0101,MNT00187,,2026-08-14 03:34:51.370414961,2026-08-14 22:14:26.214661194,2026-08-15 02:19:12.000000000,Inspection,Low,Maintenance Team A,Completed,3.44,3.32,Routine equipment inspection,72,False
WO00188,AST0101,MNT00188,,2026-06-29 11:29:28.887768345,2026-06-30 11:27:08.391432950,2026-06-30 16:39:36.000000000,Preventive Maintenance,Medium,Maintenance Team B,Completed,3.46,3.66,Scheduled preventive maintenance,48,False
WO00189,AST0102,MNT00189,,2026-05-31 01:39:35.334740474,2026-06-02 20:28:22.038282048,2026-06-03 00:33:36.000000000,Inspection,Low,Electrical Team,Completed,2.19,2.56,Routine equipment inspection,72,False
WO00190,AST0102,MNT00190,,2026-06-08 10:02:20.114991014,2026-06-11 08:03:28.328740604,2026-06-11 09:37:12.000000000,Preventive Maintenance,Medium,Electrical Team,Completed,0.54,0.62,Scheduled preventive maintenance,48,True
WO00191,AST0102,MNT00191,,2026-08-02 12:55:26.066941209,2026-08-03 07:55:00.233654441,2026-08-03 12:48:00.000000000,Preventive Maintenance,Low,Mechanical Team,Completed,4.0,3.8,Scheduled preventive maintenance,72,False
WO00192,AST0103,MNT00192,,2026-07-29 13:43:11.831474100,2026-08-01 00:01:52.304298935,2026-08-01 04:45:36.000000000,Preventive Maintenance,Low,Maintenance Team B,Completed,2.79,2.76,Scheduled preventive maintenance,72,False
WO00193,AST0104,MNT00193,,2026-07-15 15:29:38.206292536,2026-07-17 15:21:17.396093438,2026-07-17 19:56:24.000000000,Preventive Maintenance,Medium,Electrical Team,Completed,2.97,2.94,Scheduled preventive maintenance,48,True
WO00194,AST0105,MNT00194,,2026-07-27 07:32:31.485592349,2026-07-28 02:53:29.918381885,2026-07-28 05:37:12.000000000,Preventive Maintenance,Medium,Electrical Team,Completed,1.72,1.62,Scheduled preventive maintenance,48,False
WO00195,AST0105,MNT00195,,2026-06-13 13:25:58.476579111,2026-06-13 21:43:11.866521645,2026-06-14 01:33:00.000000000,Preventive Maintenance,Medium,Reliability Team,Completed,3.21,3.55,Scheduled preventive maintenance,48,False
WO00196,AST0106,MNT00196,,2026-08-06 03:21:47.890473160,2026-08-07 21:40:11.735943266,2026-08-07 23:45:00.000000000,Preventive Maintenance,Medium,Maintenance Team B,Completed,0.65,0.75,Scheduled preventive maintenance,48,False
WO00197,AST0107,MNT00197,,2026-06-09 22:17:20.088204069,2026-06-11 02:27:29.438085136,2026-06-11 06:42:00.000000000,Preventive Maintenance,Medium,Electrical Team,Completed,2.62,2.7,Scheduled preventive maintenance,48,False
WO00198,AST0107,MNT00198,,2026-07-07 02:35:58.607641421,2026-07-09 07:50:03.849590940,2026-07-09 09:58:12.000000000,Preventive Maintenance,Low,Electrical Team,Completed,2.05,1.97,Scheduled preventive maintenance,72,False
WO00199,AST0108,MNT00199,,2026-06-14 02:34:02.609976306,2026-06-16 14:07:32.207546230,2026-06-16 18:28:48.000000000,Preventive Maintenance,Low,Reliability Team,Completed,4.06,3.48,Scheduled preventive maintenance,72,False
WO00200,AST0109,MNT00200,,2026-08-21 12:47:06.973940112,2026-08-23 05:02:52.437104168,2026-08-23 06:52:48.000000000,Preventive Maintenance,Low,Maintenance Team B,Completed,0.94,0.88,Scheduled preventive maintenance,72,False
WO00201,AST0110,MNT00201,,2026-08-26 23:50:10.691556555,2026-08-27 18:55:13.131991863,2026-08-27 20:48:36.000000000,Inspection,Medium,Maintenance Team A,Completed,0.7,0.81,Routine equipment inspection,48,False
WO00202,AST0111,MNT00202,,2026-05-30 21:45:28.787215364,2026-06-01 08:48:22.731487798,2026-06-01 12:39:00.000000000,Inspection,Low,Electrical Team,Completed,2.47,2.65,Routine equipment inspection,72,False
WO00203,AST0111,MNT00203,,2026-07-02 01:32:55.518089493,2026-07-03 02:17:48.910839836,2026-07-03 04:54:36.000000000,Preventive Maintenance,Medium,Maintenance Team B,Completed,1.84,1.91,Scheduled preventive maintenance,48,False
WO00204,AST0111,MNT00204,,2026-07-27 13:07:38.132252883,2026-07-28 20:30:25.905360680,2026-07-28 21:39:36.000000000,Preventive Maintenance,Medium,Maintenance Team B,Completed,0.74,0.66,Scheduled preventive maintenance,48,False
WO00205,AST0112,MNT00205,,2026-08-11 22:17:36.036374270,2026-08-14 19:59:22.172506379,2026-08-14 23:53:24.000000000,Inspection,Low,Maintenance Team B,Completed,3.27,3.89,Routine equipment inspection,72,True
WO00206,AST0113,MNT00206,,2026-08-11 05:52:14.650111852,2026-08-13 23:43:34.905857384,2026-08-14 01:24:36.000000000,Preventive Maintenance,Low,Mechanical Team,Completed,1.66,1.41,Scheduled preventive maintenance,72,False
WO00207,AST0113,MNT00207,,2026-05-30 10:31:30.117850094,2026-06-01 00:15:14.789981690,2026-06-01 03:17:23.999999999,Preventive Maintenance,Low,Maintenance Team B,Completed,1.41,1.29,Scheduled preventive maintenance,72,False
WO00208,AST0114,MNT00208,,2026-07-26 07:35:19.189037786,2026-07-28 10:43:31.932625516,2026-07-28 14:06:00.000000000,Inspection,Medium,Electrical Team,Completed,2.5,2.1,Routine equipment inspection,48,True
WO00209,AST0115,MNT00209,,2026-07-21 01:17:38.866670909,2026-07-21 16:01:28.790342426,2026-07-21 21:28:48.000000000,Preventive Maintenance,Medium,Electrical Team,Completed,4.1,3.48,Scheduled preventive maintenance,48,False
WO00210,AST0116,MNT00210,,2026-07-07 18:02:45.245510974,2026-07-10 16:53:18.192613654,2026-07-10 19:55:48.000000000,Preventive Maintenance,Medium,Maintenance Team B,Completed,1.91,1.93,Scheduled preventive maintenance,48,True
WO00211,AST0116,MNT00211,,2026-07-20 08:19:31.688497992,2026-07-20 22:46:09.969447018,2026-07-21 01:21:36.000000000,Preventive Maintenance,Medium,Maintenance Team B,Completed,2.29,2.36,Scheduled preventive maintenance,48,False
WO00212,AST0117,MNT00212,,2026-07-15 18:47:41.898407133,2026-07-18 07:18:39.244330548,2026-07-18 11:10:48.000000000,Inspection,Medium,Electrical Team,Completed,2.02,2.18,Routine equipment inspection,48,True
WO00213,AST0117,MNT00213,,2026-07-25 02:50:17.225226712,2026-07-27 01:16:14.179803906,2026-07-27 04:24:00.000000000,Inspection,Medium,Maintenance Team B,Completed,2.46,2.4,Routine equipment inspection,48,True
WO00214,AST0117,MNT00214,,2026-07-22 10:33:48.588885548,2026-07-24 12:19:12.900260871,2026-07-24 16:32:24.000000000,Preventive Maintenance,Low,Maintenance Team A,Completed,3.86,3.54,Scheduled preventive maintenance,72,False
WO00215,AST0118,MNT00215,,2026-06-13 15:55:03.484065130,2026-06-16 00:55:23.509269257,2026-06-16 04:56:24.000000000,Preventive Maintenance,Medium,Maintenance Team B,Completed,3.13,2.94,Scheduled preventive maintenance,48,True
WO00216,AST0118,MNT00216,,2026-06-27 11:05:44.087550832,2026-06-30 01:46:05.785045086,2026-06-30 06:35:24.000000000,Preventive Maintenance,Medium,Reliability Team,Completed,3.21,3.59,Scheduled preventive maintenance,48,True
WO00217,AST0118,MNT00217,,2026-06-18 14:29:23.538586643,2026-06-18 15:15:02.147956676,2026-06-18 20:22:12.000000000,Preventive Maintenance,Medium,Reliability Team,Completed,3.41,3.37,Scheduled preventive maintenance,48,False
WO00218,AST0119,MNT00218,,2026-06-25 10:19:35.523164558,2026-06-25 11:53:40.676380966,2026-06-25 13:24:36.000000000,Inspection,Low,Maintenance Team B,Completed,1.18,1.41,Routine equipment inspection,72,False
WO00219,AST0120,MNT00219,,2026-07-16 13:45:58.457832696,2026-07-18 07:27:23.853808304,2026-07-18 10:42:36.000000000,Preventive Maintenance,Medium,Mechanical Team,Completed,2.6,2.71,Scheduled preventive maintenance,48,False
WO00220,AST0121,MNT00220,,2026-07-11 08:54:04.094618217,2026-07-12 21:32:07.642988272,2026-07-13 00:29:24.000000000,Inspection,Low,Maintenance Team B,Completed,1.19,1.49,Routine equipment inspection,72,False
WO00221,AST0122,MNT00221,,2026-07-29 21:36:21.713733216,2026-07-30 18:24:26.581532717,2026-07-30 20:07:48.000000000,Inspection,Medium,Mechanical Team,Completed,1.01,1.13,Routine equipment inspection,48,False
WO00222,AST0122,MNT00222,,2026-07-19 01:21:57.325514094,2026-07-21 18:54:35.275124013,2026-07-21 21:54:36.000000000,Preventive Maintenance,Low,Mechanical Team,Completed,2.46,2.91,Scheduled preventive maintenance,72,False
WO00223,AST0123,MNT00223,,2026-07-07 04:30:14.306261688,2026-07-07 19:06:00.279475560,2026-07-07 21:42:00.000000000,Inspection,Medium,Reliability Team,Completed,0.78,0.7,Routine equipment inspection,48,False
WO00224,AST0124,MNT00224,,2026-06-27 08:15:16.320345531,2026-06-30 05:13:53.767357454,2026-06-30 10:53:24.000000000,Inspection,Medium,Maintenance Team B,Completed,4.05,3.89,Routine equipment inspection,48,True
WO00225,AST0125,MNT00225,,2026-07-11 16:13:19.018468391,2026-07-13 21:52:12.097851723,2026-07-13 22:34:47.999999999,Preventive Maintenance,Medium,Maintenance Team B,Completed,0.56,0.58,Scheduled preventive maintenance,48,True
WO00226,AST0125,MNT00226,,2026-06-22 20:51:02.475228964,2026-06-24 15:58:28.642720682,2026-06-24 19:03:36.000000000,Inspection,Medium,Electrical Team,Completed,1.84,2.06,Routine equipment inspection,48,False
WO00227,AST0126,MNT00227,,2026-06-02 10:23:31.316793757,2026-06-02 12:05:07.654106519,2026-06-02 17:16:48.000000000,Inspection,Medium,Maintenance Team B,Completed,3.71,3.28,Routine equipment inspection,48,False
WO00228,AST0126,MNT00228,,2026-08-13 01:11:37.367736008,2026-08-15 21:13:56.741628263,2026-08-16 02:12:00.000000000,Preventive Maintenance,Low,Electrical Team,Completed,3.75,3.2,Scheduled preventive maintenance,72,True
WO00229,AST0127,MNT00229,,2026-07-11 08:31:24.351151592,2026-07-12 02:58:10.214944936,2026-07-12 07:40:48.000000000,Inspection,Medium,Mechanical Team,Completed,3.67,3.68,Routine equipment inspection,48,False
WO00230,AST0128,MNT00230,,2026-08-19 21:04:33.053252398,2026-08-22 07:33:04.027882778,2026-08-22 11:56:24.000000000,Preventive Maintenance,Low,Mechanical Team,Completed,3.5,3.94,Scheduled preventive maintenance,72,False
WO00231,AST0128,MNT00231,,2026-08-20 17:48:49.965276654,2026-08-22 11:49:01.294770735,2026-08-22 12:36:36.000000000,Preventive Maintenance,Medium,Reliability Team,Completed,0.7,0.61,Scheduled preventive maintenance,48,False
WO00232,AST0129,MNT00232,,2026-08-05 12:09:21.402678759,2026-08-06 22:54:40.488022563,2026-08-07 00:12:36.000000000,Preventive Maintenance,Low,Electrical Team,Completed,1.38,1.21,Scheduled preventive maintenance,72,False
WO00233,AST0129,MNT00233,,2026-08-09 05:28:40.149748665,2026-08-11 03:53:53.826931616,2026-08-11 08:09:36.000000000,Inspection,Medium,Maintenance Team A,Completed,2.64,3.16,Routine equipment inspection,48,True
WO00234,AST0130,MNT00234,,2026-08-04 03:33:26.932870862,2026-08-04 21:33:11.375181443,2026-08-05 01:39:36.000000000,Preventive Maintenance,Medium,Maintenance Team B,Completed,2.66,2.66,Scheduled preventive maintenance,48,False
WO00235,AST0130,MNT00235,,2026-07-21 09:29:19.060008609,2026-07-23 10:50:51.857811669,2026-07-23 12:12:00.000000000,Preventive Maintenance,Low,Maintenance Team B,Completed,1.37,1.2,Scheduled preventive maintenance,72,False
WO00236,AST0131,MNT00236,,2026-07-26 03:56:20.570241027,2026-07-27 21:21:02.297045340,2026-07-28 02:57:00.000000000,Preventive Maintenance,Medium,Electrical Team,Completed,3.71,3.95,Scheduled preventive maintenance,48,False
WO00237,AST0131,MNT00237,,2026-07-24 08:37:15.619793441,2026-07-26 21:31:55.848583535,2026-07-27 01:10:48.000000000,Preventive Maintenance,Medium,Maintenance Team A,Completed,2.2,2.18,Scheduled preventive maintenance,48,True
WO00238,AST0132,MNT00238,,2026-06-02 14:25:19.602234675,2026-06-05 03:34:59.786567652,2026-06-05 05:38:24.000000000,Inspection,Medium,Mechanical Team,Completed,0.73,0.64,Routine equipment inspection,48,True
WO00239,AST0132,MNT00239,,2026-08-05 07:29:08.805617416,2026-08-05 14:36:07.266686116,2026-08-05 16:51:36.000000000,Preventive Maintenance,Medium,Maintenance Team B,Completed,0.75,0.86,Scheduled preventive maintenance,48,False
WO00240,AST0133,MNT00240,,2026-06-28 02:05:56.794308321,2026-06-30 16:56:29.419562152,2026-06-30 18:38:24.000000000,Preventive Maintenance,Medium,Electrical Team,Completed,1.85,1.64,Scheduled preventive maintenance,48,True
WO00241,AST0133,MNT00241,,2026-08-20 11:46:03.408714228,2026-08-21 03:10:57.350573260,2026-08-21 08:23:24.000000000,Inspection,Medium,Electrical Team,Completed,2.71,3.39,Routine equipment inspection,48,False
WO00242,AST0134,MNT00242,,2026-06-03 03:58:11.247250732,2026-06-04 16:59:14.021723638,2026-06-04 19:55:48.000000000,Preventive Maintenance,Medium,Reliability Team,Completed,2.68,2.93,Scheduled preventive maintenance,48,False
WO00243,AST0134,MNT00243,,2026-07-24 10:08:28.462494542,2026-07-26 07:28:49.414216340,2026-07-26 10:43:48.000000000,Preventive Maintenance,Medium,Maintenance Team B,Completed,2.88,2.73,Scheduled preventive maintenance,48,True
WO00244,AST0135,MNT00244,,2026-07-30 14:24:15.748715830,2026-07-30 21:28:40.599101986,2026-07-31 01:58:48.000000000,Preventive Maintenance,Medium,Electrical Team,Completed,3.03,2.98,Scheduled preventive maintenance,48,False
WO00245,AST0135,MNT00245,,2026-07-15 05:05:01.844114964,2026-07-17 01:08:09.397640328,2026-07-17 05:38:24.000000000,Preventive Maintenance,Low,Maintenance Team A,Completed,2.22,2.64,Scheduled preventive maintenance,72,False
WO00246,AST0136,MNT00246,,2026-05-30 13:16:09.689856924,2026-06-01 19:06:19.455204554,2026-06-01 23:10:48.000000000,Preventive Maintenance,Low,Maintenance Team A,Completed,1.89,2.18,Scheduled preventive maintenance,72,False
WO00247,AST0136,MNT00247,,2026-07-09 15:39:57.230378946,2026-07-11 09:18:29.641989939,2026-07-11 10:42:36.000000000,Preventive Maintenance,Low,Reliability Team,Completed,0.74,0.71,Scheduled preventive maintenance,72,False
WO00248,AST0136,MNT00248,,2026-07-20 18:41:58.075924935,2026-07-23 16:38:52.423748254,2026-07-23 19:39:00.000000000,Preventive Maintenance,Medium,Reliability Team,Completed,1.61,1.65,Scheduled preventive maintenance,48,True
WO00249,AST0137,MNT00249,,2026-06-27 15:09:47.927120541,2026-06-29 21:57:02.974201496,2026-06-29 23:04:12.000000000,Inspection,Low,Reliability Team,Completed,0.87,1.07,Routine equipment inspection,72,False
WO00250,AST0138,MNT00250,,2026-06-13 21:55:36.864951456,2026-06-13 22:40:55.644360406,2026-06-14 01:13:48.000000000,Preventive Maintenance,Low,Maintenance Team A,Completed,2.2,2.23,Scheduled preventive maintenance,72,False
WO00251,AST0138,MNT00251,,2026-08-27 18:57:05.476581335,2026-08-29 03:40:21.908487422,2026-08-29 04:36:36.000000000,Preventive Maintenance,Medium,Maintenance Team B,Completed,0.68,0.61,Scheduled preventive maintenance,48,False
WO00252,AST0139,MNT00252,,2026-08-19 20:21:49.504709715,2026-08-22 07:27:15.675983878,2026-08-22 12:27:36.000000000,Inspection,Low,Reliability Team,Completed,3.09,3.46,Routine equipment inspection,72,False
WO00253,AST0140,MNT00253,,2026-07-07 22:29:19.273488796,2026-07-10 18:41:52.383179177,2026-07-10 22:31:48.000000000,Preventive Maintenance,Low,Maintenance Team B,Completed,3.43,3.53,Scheduled preventive maintenance,72,True
WO00254,AST0141,MNT00254,,2026-07-28 11:07:38.760461159,2026-07-30 23:04:15.452599656,2026-07-31 03:47:24.000000000,Preventive Maintenance,Medium,Maintenance Team B,Completed,3.08,2.79,Scheduled preventive maintenance,48,True
WO00255,AST0142,MNT00255,,2026-06-21 18:56:14.227985876,2026-06-22 23:12:42.485733512,2026-06-23 04:25:48.000000000,Preventive Maintenance,Medium,Maintenance Team B,Completed,3.06,3.43,Scheduled preventive maintenance,48,False
WO00256,AST0142,MNT00256,,2026-06-18 06:21:47.808871820,2026-06-20 19:34:12.546910546,2026-06-20 23:42:36.000000000,Preventive Maintenance,Low,Maintenance Team A,Completed,2.78,2.71,Scheduled preventive maintenance,72,False
WO00257,AST0142,MNT00257,,2026-06-21 02:15:29.759824998,2026-06-23 23:37:44.216286939,2026-06-24 00:50:24.000000000,Preventive Maintenance,Medium,Maintenance Team B,Completed,0.96,0.84,Scheduled preventive maintenance,48,True
WO00258,AST0143,MNT00258,,2026-06-04 23:47:15.906994890,2026-06-06 07:56:21.448365155,2026-06-06 10:04:12.000000000,Preventive Maintenance,Low,Maintenance Team B,Completed,0.86,1.07,Scheduled preventive maintenance,72,False
WO00259,AST0143,MNT00259,,2026-07-23 00:41:26.308522036,2026-07-23 02:09:29.895495729,2026-07-23 05:38:24.000000000,Preventive Maintenance,Low,Mechanical Team,Completed,1.72,1.64,Scheduled preventive maintenance,72,False
WO00260,AST0144,MNT00260,,2026-06-25 09:31:07.551034709,2026-06-27 03:47:07.393572510,2026-06-27 06:39:36.000000000,Preventive Maintenance,Low,Mechanical Team,Completed,1.49,1.66,Scheduled preventive maintenance,72,False
WO00261,AST0144,MNT00261,,2026-07-22 20:05:48.433852889,2026-07-24 07:52:17.695653060,2026-07-24 09:22:12.000000000,Inspection,Low,Maintenance Team B,Completed,1.41,1.37,Routine equipment inspection,72,False
WO00262,AST0145,MNT00262,,2026-08-22 03:14:22.130962844,2026-08-23 09:01:52.669866699,2026-08-23 13:37:12.000000000,Preventive Maintenance,Medium,Maintenance Team B,Completed,2.25,2.62,Scheduled preventive maintenance,48,False
WO00263,AST0145,MNT00263,,2026-08-07 18:07:58.646982450,2026-08-08 22:02:24.440390038,2026-08-09 02:32:24.000000000,Preventive Maintenance,Low,Reliability Team,Completed,3.68,3.54,Scheduled preventive maintenance,72,False
WO00264,AST0145,MNT00264,,2026-07-08 17:55:52.715278438,2026-07-11 06:26:25.072879967,2026-07-11 09:18:36.000000000,Preventive Maintenance,Medium,Reliability Team,Completed,1.07,1.31,Scheduled preventive maintenance,48,True
WO00265,AST0146,MNT00265,,2026-07-15 07:48:53.293945540,2026-07-16 00:01:36.029328478,2026-07-16 02:51:36.000000000,Preventive Maintenance,Low,Maintenance Team A,Completed,0.74,0.86,Scheduled preventive maintenance,72,False
WO00266,AST0147,MNT00266,,2026-07-20 22:15:53.796500745,2026-07-22 14:58:49.649898584,2026-07-22 15:31:12.000000000,Inspection,Medium,Electrical Team,Completed,0.5,0.52,Routine equipment inspection,48,False
WO00267,AST0148,MNT00267,,2026-07-20 06:20:24.441024509,2026-07-22 21:50:05.938552029,2026-07-23 00:18:00.000000000,Inspection,Medium,Electrical Team,Completed,2.6,2.3,Routine equipment inspection,48,True
WO00268,AST0149,MNT00268,,2026-08-08 18:34:37.853266595,2026-08-09 03:51:53.705892518,2026-08-09 06:00:00.000000000,Preventive Maintenance,Medium,Electrical Team,Completed,1.08,1.0,Scheduled preventive maintenance,48,False
WO00269,AST0150,MNT00269,,2026-06-06 04:04:33.498606620,2026-06-06 06:39:33.224699848,2026-06-06 10:51:00.000000000,Inspection,Medium,Maintenance Team B,Completed,3.36,2.85,Routine equipment inspection,48,False
WO00270,AST0150,MNT00270,,2026-06-04 09:45:26.581382565,2026-06-04 11:07:39.271827047,2026-06-04 15:55:12.000000000,Inspection,Medium,Mechanical Team,Completed,2.4,2.92,Routine equipment inspection,48,False
WO00271,AST0005,MNT00271,FLR0001,2026-08-29 01:39:42.461518363,2026-08-29 05:29:30.096468553,2026-08-29 09:20:23.522379907,Corrective Repair,High,Reliability Team,Completed,2.71,2.42,Electrical Fault,24,False
WO00272,AST0009,MNT00272,FLR0002,2026-07-03 01:31:01.961293923,2026-07-03 04:27:39.327284056,2026-07-03 08:16:36.937742718,Corrective Repair,High,Electrical Team,Completed,2.82,2.71,Motor Failure,24,False
WO00273,AST0009,MNT00273,FLR0003,2026-08-13 04:11:23.372561418,2026-08-13 04:20:46.186294409,2026-08-13 06:47:02.982557533,Corrective Repair,High,Electrical Team,Completed,2.06,2.11,Motor Failure,24,False
WO00274,AST0009,MNT00274,FLR0004,2026-07-21 10:27:42.326418762,2026-07-21 10:33:52.471272495,2026-07-22 05:55:43.614557367,Emergency Repair,Critical,Maintenance Team B,Completed,16.3,18.87,Excessive Vibration,8,True
WO00275,AST0018,MNT00275,FLR0005,2026-08-11 23:16:21.339732846,2026-08-12 00:28:26.686028194,2026-08-12 09:16:28.000695608,Corrective Repair,High,Maintenance Team B,Completed,8.63,7.86,Pressure Loss,24,False
WO00276,AST0020,MNT00276,FLR0006,2026-07-01 23:24:19.255020977,2026-07-02 02:26:47.496815383,2026-07-02 14:18:10.505973844,Corrective Repair,High,Electrical Team,Completed,11.1,10.86,Motor Failure,24,False
WO00277,AST0025,MNT00277,FLR0007,2026-08-25 19:01:23.291289937,2026-08-25 20:05:56.357857608,2026-08-25 22:07:26.204034788,Corrective Repair,High,Maintenance Team A,Completed,0.94,0.94,Bearing Failure,24,False
WO00278,AST0025,MNT00278,FLR0008,2026-08-09 01:31:41.182626860,2026-08-09 05:32:42.078700540,2026-08-09 09:32:57.907245188,Corrective Repair,Medium,Mechanical Team,Completed,3.14,3.86,Bearing Failure,48,False
WO00279,AST0029,MNT00279,FLR0009,2026-07-21 16:11:48.555406277,2026-07-21 20:55:51.728192843,2026-07-23 03:13:45.920216208,Emergency Repair,Critical,Electrical Team,Completed,35.47,29.95,Mechanical Wear,8,True
WO00280,AST0038,MNT00280,FLR0010,2026-07-25 22:48:42.446421724,2026-07-26 00:48:59.426498459,2026-07-26 04:10:06.158444797,Corrective Repair,High,Maintenance Team A,Completed,2.52,2.66,Overheating,24,False
WO00281,AST0041,MNT00281,FLR0011,2026-07-07 08:07:07.452861538,2026-07-07 10:11:05.978148507,2026-07-08 01:46:17.741916724,Emergency Repair,Critical,Mechanical Team,Completed,14.58,14.5,Motor Failure,8,True
WO00282,AST0041,MNT00282,FLR0012,2026-06-24 23:56:33.591948612,2026-06-25 03:23:22.409140949,2026-06-25 05:28:58.425519205,Corrective Repair,High,Electrical Team,Completed,1.29,1.12,Excessive Vibration,24,False
WO00283,AST0045,MNT00283,FLR0013,2026-08-06 06:07:28.152452978,2026-08-06 08:09:23.485889153,2026-08-06 10:38:26.845766804,Corrective Repair,High,Maintenance Team B,Completed,0.5,0.5,Motor Failure,24,False
WO00284,AST0053,MNT00284,FLR0014,2026-07-09 10:37:09.924774200,2026-07-09 13:11:18.099469298,2026-07-09 15:21:41.333053964,Corrective Repair,Medium,Reliability Team,Completed,0.99,0.91,Electrical Fault,48,False
WO00285,AST0061,MNT00285,FLR0015,2026-07-21 20:24:27.248801433,2026-07-21 21:47:03.810828941,2026-07-22 00:43:05.169591307,Corrective Repair,High,Electrical Team,Completed,1.82,1.73,Bearing Failure,24,False
WO00286,AST0061,MNT00286,FLR0016,2026-08-24 07:53:03.183915249,2026-08-24 12:03:44.554781574,2026-08-24 17:17:48.955347999,Corrective Repair,Medium,Maintenance Team A,Completed,3.82,4.25,Overheating,48,False
WO00287,AST0067,MNT00287,FLR0017,2026-07-01 02:08:57.979179078,2026-07-01 04:38:59.602780323,2026-07-01 09:17:19.390055596,Corrective Repair,High,Mechanical Team,Completed,3.71,3.48,Excessive Vibration,24,False
WO00288,AST0074,MNT00288,FLR0018,2026-06-29 00:42:19.883680370,2026-06-29 06:00:48.158037263,2026-06-29 08:43:10.718752710,Corrective Repair,High,Mechanical Team,Completed,2.33,2.19,Mechanical Wear,24,False
WO00289,AST0075,MNT00289,FLR0019,2026-07-21 15:55:50.042468968,2026-07-21 16:55:50.042468968,2026-07-21 21:46:59.127245839,Corrective Repair,High,Reliability Team,Completed,4.76,4.85,Motor Failure,24,False
WO00290,AST0078,MNT00290,FLR0020,2026-06-18 20:29:12.194274901,2026-06-18 22:36:59.695398684,2026-06-19 02:49:42.098812204,Corrective Repair,High,Maintenance Team A,Completed,3.48,3.55,Overheating,24,False
WO00291,AST0080,MNT00291,FLR0021,2026-06-14 07:58:38.984859526,2026-06-14 10:12:27.613836694,2026-06-14 13:12:54.356599324,Corrective Repair,High,Mechanical Team,Completed,2.63,2.51,Overheating,24,False
WO00292,AST0081,MNT00292,FLR0022,2026-08-08 08:15:10.415795872,2026-08-08 09:48:35.524430294,2026-08-08 14:43:42.906277736,Corrective Repair,Medium,Maintenance Team B,Completed,4.34,4.16,Mechanical Wear,48,False
WO00293,AST0085,MNT00293,FLR0023,2026-08-21 16:34:22.724348693,2026-08-21 19:54:27.007898879,2026-08-22 02:29:17.784176485,Corrective Repair,High,Maintenance Team A,Completed,5.06,5.17,Excessive Vibration,24,False
WO00294,AST0095,MNT00294,FLR0024,2026-07-22 20:04:26.531841350,2026-07-22 23:21:36.430804286,2026-07-24 04:45:30.582719046,Emergency Repair,Critical,Mechanical Team,Completed,35.04,29.33,Excessive Vibration,8,True
WO00295,AST0097,MNT00295,FLR0025,2026-08-18 00:38:12.686179398,2026-08-18 06:11:37.150517090,2026-08-18 09:24:44.424009903,Corrective Repair,High,Maintenance Team B,Completed,2.67,3.14,Excessive Vibration,24,False
WO00296,AST0097,MNT00296,FLR0026,2026-06-05 05:38:39.074458308,2026-06-05 06:41:51.415208768,2026-06-05 08:24:43.505831325,Corrective Repair,High,Electrical Team,Completed,0.57,0.7,Excessive Vibration,24,False
WO00297,AST0100,MNT00297,FLR0027,2026-07-01 21:53:58.254944298,2026-07-01 23:32:13.156834175,2026-07-02 03:56:56.124533252,Corrective Repair,High,Mechanical Team,Completed,2.45,3.04,Motor Failure,24,False
WO00298,AST0100,MNT00298,FLR0028,2026-06-08 07:27:03.749907250,2026-06-08 11:46:55.531643250,2026-06-08 13:52:17.658603814,Corrective Repair,High,Electrical Team,Completed,1.19,1.18,Mechanical Wear,24,False
WO00299,AST0100,MNT00299,FLR0029,2026-06-07 12:00:10.587050406,2026-06-07 15:03:42.719434103,2026-06-07 15:51:48.058319109,Corrective Repair,Medium,Maintenance Team A,Completed,0.5,0.55,Mechanical Wear,48,False
WO00300,AST0103,MNT00300,FLR0030,2026-08-06 11:57:27.992411759,2026-08-06 15:51:21.539345123,2026-08-07 12:08:22.884200408,Emergency Repair,Critical,Electrical Team,Completed,21.26,19.88,Pressure Loss,8,True
WO00301,AST0107,MNT00301,FLR0031,2026-07-03 15:39:10.906791480,2026-07-03 19:47:34.697238806,2026-07-04 01:53:07.076921308,Corrective Repair,Medium,Electrical Team,Completed,5.17,5.78,Pressure Loss,48,False
WO00302,AST0109,MNT00302,FLR0032,2026-07-22 07:43:32.761358804,2026-07-22 12:51:15.492284586,2026-07-22 18:04:22.429007994,Corrective Repair,High,Electrical Team,Completed,3.61,4.47,Bearing Failure,24,False
WO00303,AST0115,MNT00303,FLR0033,2026-08-25 05:20:08.314673989,2026-08-25 07:24:01.636657909,2026-08-26 23:52:05.752546154,Emergency Repair,Critical,Maintenance Team A,Completed,39.82,38.73,Mechanical Wear,8,True
WO00304,AST0133,MNT00304,FLR0034,2026-08-26 12:32:29.479266628,2026-08-26 13:32:29.479266628,2026-08-27 04:48:42.852521512,Emergency Repair,Critical,Mechanical Team,Completed,17.94,15.37,Bearing Failure,8,True
WO00305,AST0133,MNT00305,FLR0035,2026-07-06 11:05:57.625228500,2026-07-06 11:16:18.125497459,2026-07-07 12:19:10.100883133,Emergency Repair,Critical,Maintenance Team B,Completed,22.72,23.73,Bearing Failure,8,True
WO00306,AST0139,MNT00306,FLR0036,2026-07-01 11:52:40.205482918,2026-07-01 13:48:48.810789076,2026-07-01 14:47:31.680394825,Corrective Repair,High,Mechanical Team,Completed,0.69,0.66,Pressure Loss,24,False
WO00307,AST0139,MNT00307,FLR0037,2026-08-27 17:38:50.071896200,2026-08-27 22:06:14.666608692,2026-08-28 04:02:56.146499523,Corrective Repair,High,Mechanical Team,Completed,3.71,4.44,Bearing Failure,24,False
WO00308,AST0142,MNT00308,FLR0038,2026-07-28 11:01:57.922111711,2026-07-28 13:29:34.138996195,2026-07-28 17:44:35.513220998,Corrective Repair,Medium,Reliability Team,Completed,3.18,2.72,Bearing Failure,48,False
WO00309,AST0142,MNT00309,FLR0039,2026-08-03 14:50:46.128235135,2026-08-03 17:53:01.172253231,2026-08-03 21:34:09.430525012,Corrective Repair,High,Reliability Team,Completed,2.04,2.09,Bearing Failure,24,False
WO00310,AST0147,MNT00310,FLR0040,2026-06-27 03:31:54.939394693,2026-06-27 04:11:26.795834772,2026-06-27 07:14:20.133378092,Corrective Repair,High,Mechanical Team,Completed,1.63,1.75,Excessive Vibration,24,False
